SET
IDENTITY_INSERT Gamevote    ON;
INSERT INTO Gamevote (id, voteoption, votevalue)
VALUES (1, 1, 1),
       (2, 1, 2),
       (3, 1, 3),
       (4, 1, 1),
       (5, 2, 1),
       (6, 2, 2),
       (7, 2, 3),
       (8, 2, 1),
       (9, 3, 1),
       (10, 3, 2),
       (11, 3, 3),
       (12, 3, 1),
       (13, 4, 1),
       (14, 4, 2),
       (15, 4, 3),
       (16, 4, 1),
       (42, 5, 2),
       (43, 5, 3),
       (44, 5, 1),
       (45, 6, 1),
       (46, 6, 2),
       (47, 6, 3),
       (48, 6, 1),
       (49, 7, 1),
       (50, 7, 2),
       (51, 7, 3),
       (52, 7, 1),
       (53, 8, 1),
       (54, 8, 2),
       (55, 8, 3),
       (56, 8, 1),
       (57, 9, 1),
       (58, 9, 2),
       (59, 9, 3),
       (60, 9, 1);
SET
IDENTITY_INSERT Gamevote OFF;

INSERT INTO session_gamevotes (gamevote_id, session_id)
VALUES (1, 1),
       (2, 1),
       (3, 1),
       (4, 1),
       (5, 1),
       (6, 1),
       (7, 1),
       (8, 1),
       (9, 1),
       (10, 1),
       (11, 1),
       (12, 1),
       (13, 1),
       (14, 1),
       (15, 1),
       (16, 1),
       (42, 2),
       (43, 2),
       (44, 2),
       (45, 2),
       (46, 2),
       (47, 2),
       (48, 2),
       (49, 2),
       (50, 2),
       (51, 2),
       (52, 2),
       (53, 2),
       (54, 2),
       (55, 2),
       (56, 2),
       (57, 2),
       (58, 2),
       (59, 2),
       (60, 2);

INSERT INTO gamevote_player (gamevote_id, player_id)
VALUES (1,1),
(2, 2),
(3,3),
(4,4),
(5,1),
(6,2),
(7,3),
(8,4),
(9,1),
(10,2),
(11,3),
(12,4),
(13,1),
(14,2),
(15,3),
(16,4),
(42,1),
(43,2),
(44,3),
(45,4),
(46,1),
(47,2),
(48,3),
(49,4),
(50,1),
(51,2),
(52,3),
(53,4),
(54,1),
(55,2),
(56,3),
(57,4),
(58,1),
(59,2),
(60,3);